Work Item Type,Title,Description,Acceptance Criteria,Priority,Story Points,Iteration Path,Area Path,Tags,State,Parent
Feature,"RF-101 · Registro con correo y contraseña, con validación de fortaleza y verificación de correo","<p>Registro con correo y contraseña, con validación de fortaleza y verificación de correo</p><p>Historias: US-0102</p>",,1,,Outfit,Outfit,RF; Fase 1; EP-01,New,
Feature,RF-102 · Acceso federado (Google; Apple si se publica en iOS),<p>Acceso federado (Google; Apple si se publica en iOS)</p><p>Historias: US-0103</p>,,2,,Outfit,Outfit,RF; Fase 1; EP-01,New,
Feature,"RF-103 · Inicio, cierre y recuperación de sesión con enlace de un solo uso y expiración","<p>Inicio, cierre y recuperación de sesión con enlace de un solo uso y expiración</p><p>Historias: US-0104</p>",,1,,Outfit,Outfit,RF; Fase 1; EP-01,New,
Feature,"RF-104 · Consentimiento granular, versionado y revocable por finalidad (imagen, biometría, marketing, analítica opcional)","<p>Consentimiento granular, versionado y revocable por finalidad (imagen, biometría, marketing, analítica opcional)</p><p>Historias: US-0105</p>",,1,,Outfit,Outfit,RF; Fase 1; EP-01,New,
Feature,RF-105 · Revocación de consentimientos y eliminación de cuenta con borrado verificable,<p>Revocación de consentimientos y eliminación de cuenta con borrado verificable</p><p>Historias: US-0106</p>,,1,,Outfit,Outfit,RF; Fase 1; EP-01,New,
Feature,RF-106 · Exportación de datos del usuario en formato legible por máquina (portabilidad),<p>Exportación de datos del usuario en formato legible por máquina (portabilidad)</p><p>Historias: US-1514</p>,,2,,Outfit,Outfit,RF; Fase 2; EP-01,New,
Feature,RF-107 · MFA/2FA obligatorio para roles administrativos y de plataforma,<p>MFA/2FA obligatorio para roles administrativos y de plataforma</p><p>Historias: EN-1511</p>,,1,,Outfit,Outfit,RF; Fase 2; EP-01,New,
Feature,RF-108 · Defensa contra fuerza bruta y credential stuffing en todos los endpoints de autenticación,<p>Defensa contra fuerza bruta y credential stuffing en todos los endpoints de autenticación</p><p>Historias: EN-1510</p>,,1,,Outfit,Outfit,RF; Fase 1; EP-01,New,
Feature,"RF-109 · Gestión de sesiones activas: listar, revocar individual y revocar todas","<p>Gestión de sesiones activas: listar, revocar individual y revocar todas</p><p>Historias: EN-1512</p>",,2,,Outfit,Outfit,RF; Fase 2; EP-01,New,
Feature,RF-110 · Selección de tenant/tienda activa en aplicaciones administrativas multi-ámbito,<p>Selección de tenant/tienda activa en aplicaciones administrativas multi-ámbito</p><p>Historias: US-0107</p>,,1,,Outfit,Outfit,RF; Fase 2; EP-01,New,
Feature,RF-111 · Bloqueo de flujos corporales para menores de 18 años hasta análisis jurídico,<p>Bloqueo de flujos corporales para menores de 18 años hasta análisis jurídico</p><p>Historias: US-0105</p>,,1,,Outfit,Outfit,RF; Fase 1; EP-01,New,
Feature,RF-201 · Captura manual de medidas corporales con guía visual por medida,<p>Captura manual de medidas corporales con guía visual por medida</p><p>Historias: US-0202</p>,,1,,Outfit,Outfit,RF; Fase 1; EP-02,New,
Feature,"RF-202 · Validación de rangos plausibles y coherencia entre medidas, con aviso no bloqueante","<p>Validación de rangos plausibles y coherencia entre medidas, con aviso no bloqueante</p><p>Historias: US-0203</p>",,1,,Outfit,Outfit,RF; Fase 1; EP-02,New,
Feature,RF-203 · Conversión bidireccional cm ⇄ pulgadas y kg ⇄ lb sin pérdida,<p>Conversión bidireccional cm ⇄ pulgadas y kg ⇄ lb sin pérdida</p><p>Historias: US-0203</p>,,1,,Outfit,Outfit,RF; Fase 1; EP-02,New,
Feature,"RF-204 · Cuestionario de estilo (estilos preferidos, ocasiones, siluetas)","<p>Cuestionario de estilo (estilos preferidos, ocasiones, siluetas)</p><p>Historias: US-0204</p>",,1,,Outfit,Outfit,RF; Fase 1; EP-02,New,
Feature,"RF-205 · Preferencias y restricciones de color, material y prendas excluidas","<p>Preferencias y restricciones de color, material y prendas excluidas</p><p>Historias: US-0205</p>",,2,,Outfit,Outfit,RF; Fase 1; EP-02,New,
Feature,"RF-206 · Preferencia de ajuste (ceñido/regular/holgado) que modula la explicación, no la medida","<p>Preferencia de ajuste (ceñido/regular/holgado) que modula la explicación, no la medida</p><p>Historias: US-0202, RN-002</p>",,1,,Outfit,Outfit,RF; Fase 1; EP-02,New,
Feature,RF-207 · Persistencia local cifrada del perfil y sincronización cifrada E2E opcional,"<p>Persistencia local cifrada del perfil y sincronización cifrada E2E opcional</p><p>Historias: EN-0206, EN-0207</p>",,1,,Outfit,Outfit,RF; Fase 1; EP-02,New,
Feature,RF-208 · Recuperación del perfil en un dispositivo nuevo mediante frase de recuperación,<p>Recuperación del perfil en un dispositivo nuevo mediante frase de recuperación</p><p>Historias: US-0208</p>,,2,,Outfit,Outfit,RF; Fase 2; EP-02,New,
Feature,"RF-209 · Estimación automática de medidas desde foto/cámara, marcada como beta y siempre corregible","<p>Estimación automática de medidas desde foto/cámara, marcada como beta y siempre corregible</p><p>Historias: SP-0304, US-0305</p>",,1,,Outfit,Outfit,RF; Fase 2; EP-02,New,
Feature,RF-210 · La medida corregida por el usuario prevalece sobre la estimada (RN-005),<p>La medida corregida por el usuario prevalece sobre la estimada (RN-005)</p><p>Historias: US-0305</p>,,1,,Outfit,Outfit,RF; Fase 2; EP-02,New,
Feature,RF-301 · Generación de avatar 3D paramétrico a partir del perfil corporal,<p>Generación de avatar 3D paramétrico a partir del perfil corporal</p><p>Historias: US-0301</p>,,1,,Outfit,Outfit,RF; Fase 2; EP-03,New,
Feature,"RF-302 · Vista 360°, edición y regeneración del avatar","<p>Vista 360°, edición y regeneración del avatar</p><p>Historias: US-0302</p>",,2,,Outfit,Outfit,RF; Fase 2; EP-03,New,
Feature,"RF-303 · Calibración del avatar con referencia física conocida (altura, objeto patrón)","<p>Calibración del avatar con referencia física conocida (altura, objeto patrón)</p><p>Historias: US-0303</p>",,1,,Outfit,Outfit,RF; Fase 2; EP-03,New,
Feature,"RF-304 · Personalización de rostro del avatar (aproximación, no reconstrucción biométrica) con consentimiento adicional y control de visibilidad","<p>Personalización de rostro del avatar (aproximación, no reconstrucción biométrica) con consentimiento adicional y control de visibilidad</p><p>Historias: US-0307</p>",,2,,Outfit,Outfit,RF; Fase 2; EP-03,New,
Feature,RF-305 · Silueta 2D como paso previo y fallback permanente del avatar 3D,<p>Silueta 2D como paso previo y fallback permanente del avatar 3D</p><p>Historias: EN-0602</p>,,1,,Outfit,Outfit,RF; Fase 1; EP-03,New,
Feature,RF-306 · I+D de body scan avanzado con gate go/no-go basado en benchmark de precisión,"<p>I+D de body scan avanzado con gate go/no-go basado en benchmark de precisión</p><p>Historias: SP-0306, EN-0616</p>",,3,,Outfit,Outfit,RF; Fase 3; EP-03,New,
Feature,"RF-401 · Navegación de catálogo por categoría, marca, género y colección","<p>Navegación de catálogo por categoría, marca, género y colección</p><p>Historias: US-0401</p>",,1,,Outfit,Outfit,RF; Fase 1; EP-04,New,
Feature,"RF-402 · Búsqueda con filtros (talla, color, precio, material, disponibilidad) y ordenamiento","<p>Búsqueda con filtros (talla, color, precio, material, disponibilidad) y ordenamiento</p><p>Historias: US-0402</p>",,1,,Outfit,Outfit,RF; Fase 1; EP-04,New,
Feature,"RF-403 · Detalle de producto con variantes (color/talla), material, precio y activos","<p>Detalle de producto con variantes (color/talla), material, precio y activos</p><p>Historias: US-0403</p>",,1,,Outfit,Outfit,RF; Fase 1; EP-04,New,
Feature,RF-404 · Consulta de stock por tienda en tiempo casi real,<p>Consulta de stock por tienda en tiempo casi real</p><p>Historias: US-0404</p>,,1,,Outfit,Outfit,RF; Fase 1; EP-04,New,
Feature,RF-405 · Caché y paginación del catálogo con disponibilidad offline del recorrido reciente,<p>Caché y paginación del catálogo con disponibilidad offline del recorrido reciente</p><p>Historias: EN-0405</p>,,1,,Outfit,Outfit,RF; Fase 1; EP-04,New,
Feature,RF-406 · Jerarquía organizacional: empresa → marca → tienda → sección → piso/percha,<p>Jerarquía organizacional: empresa → marca → tienda → sección → piso/percha</p><p>Historias: US-0410</p>,,1,,Outfit,Outfit,RF; Fase 2; EP-04,New,
Feature,"RF-407 · Localizador en tienda: indicar piso, sección y percha donde está el SKU","<p>Localizador en tienda: indicar piso, sección y percha donde está el SKU</p><p>Historias: US-0411</p>",,2,,Outfit,Outfit,RF; Fase 2; EP-04,New,
Feature,RF-408 · Importación masiva de catálogo (CSV/Excel) con validación previa y ejecución en seco,<p>Importación masiva de catálogo (CSV/Excel) con validación previa y ejecución en seco</p><p>Historias: US-0412</p>,,1,,Outfit,Outfit,RF; Fase 2; EP-04,New,
Feature,"RF-409 · Taxonomía configurable por tenant: categorías, colores, materiales, atributos propios","<p>Taxonomía configurable por tenant: categorías, colores, materiales, atributos propios</p><p>Historias: US-0413</p>",,1,,Outfit,Outfit,RF; Fase 2; EP-04,New,
Feature,RF-410 · Adaptadores de integración ERP/POS con contrato estable,<p>Adaptadores de integración ERP/POS con contrato estable</p><p>Historias: EN-0406</p>,,1,,Outfit,Outfit,RF; Fase 3; EP-04,New,
Feature,RF-411 · Webhooks de inventario y precio con procesamiento idempotente y cola de fallos,"<p>Webhooks de inventario y precio con procesamiento idempotente y cola de fallos</p><p>Historias: EN-0407, EN-0408</p>",,1,,Outfit,Outfit,RF; Fase 3; EP-04,New,
Feature,RF-412 · Reconciliación programada de inventario con reporte de desvíos,<p>Reconciliación programada de inventario con reporte de desvíos</p><p>Historias: EN-0409</p>,,2,,Outfit,Outfit,RF; Fase 3; EP-04,New,
Feature,"RF-413 · Gestión de referencias, modelos y códigos internos del comercio","<p>Gestión de referencias, modelos y códigos internos del comercio</p><p>Historias: US-0413</p>",,1,,Outfit,Outfit,RF; Fase 2; EP-04,New,
Feature,"RF-501 · Modelo de tablas de talla versionadas por marca, categoría y país","<p>Modelo de tablas de talla versionadas por marca, categoría y país</p><p>Historias: EN-0501</p>",,1,,Outfit,Outfit,RF; Fase 1; EP-05,New,
Feature,RF-502 · Cálculo de talla recomendada a partir de medidas manuales,<p>Cálculo de talla recomendada a partir de medidas manuales</p><p>Historias: US-0502</p>,,1,,Outfit,Outfit,RF; Fase 1; EP-05,New,
Feature,RF-503 · Nivel de confianza y explicación legible de la recomendación,<p>Nivel de confianza y explicación legible de la recomendación</p><p>Historias: US-0503</p>,,1,,Outfit,Outfit,RF; Fase 1; EP-05,New,
Feature,"RF-504 · Manejo explícito de ""entre dos tallas"" con alternativa segura","<p>Manejo explícito de ""entre dos tallas"" con alternativa segura</p><p>Historias: US-0503, RN-002</p>",,1,,Outfit,Outfit,RF; Fase 1; EP-05,New,
Feature,"RF-505 · Si no existe tabla válida, informar la ausencia sin inventar recomendación","<p>Si no existe tabla válida, informar la ausencia sin inventar recomendación</p><p>Historias: RN-001</p>",,1,,Outfit,Outfit,RF; Fase 1; EP-05,New,
Feature,RF-506 · Trazabilidad: toda recomendación guarda la versión de tabla y algoritmo usados,<p>Trazabilidad: toda recomendación guarda la versión de tabla y algoritmo usados</p><p>Historias: RN-015</p>,,1,,Outfit,Outfit,RF; Fase 1; EP-05,New,
Feature,"RF-601 · Captura fotográfica guiada (encuadre, distancia, iluminación, pose)","<p>Captura fotográfica guiada (encuadre, distancia, iluminación, pose)</p><p>Historias: US-0601</p>",,1,,Outfit,Outfit,RF; Fase 1; EP-06,New,
Feature,RF-602 · Detección de pose y silueta on-device (33 landmarks),<p>Detección de pose y silueta on-device (33 landmarks)</p><p>Historias: EN-0602</p>,,1,,Outfit,Outfit,RF; Fase 1; EP-06,New,
Feature,RF-603 · Overlay 2D de prenda sobre la foto de cuerpo completo,<p>Overlay 2D de prenda sobre la foto de cuerpo completo</p><p>Historias: US-0603</p>,,1,,Outfit,Outfit,RF; Fase 1; EP-06,New,
Feature,"RF-604 · Ajuste manual del overlay (escala, posición, rotación)","<p>Ajuste manual del overlay (escala, posición, rotación)</p><p>Historias: US-0604</p>",,2,,Outfit,Outfit,RF; Fase 1; EP-06,New,
Feature,"RF-605 · Guardar y compartir una prueba, sin metadatos sensibles (RN-008)","<p>Guardar y compartir una prueba, sin metadatos sensibles (RN-008)</p><p>Historias: US-0605</p>",,2,,Outfit,Outfit,RF; Fase 1; EP-06,New,
Feature,RF-606 · Pipeline de activos 3D glTF/GLB con perfil de activo validado,<p>Pipeline de activos 3D glTF/GLB con perfil de activo validado</p><p>Historias: SP-0606</p>,,1,,Outfit,Outfit,RF; Fase 2; EP-06,New,
Feature,RF-607 · Matriz de compatibilidad ARCore y fallback 2D garantizado,<p>Matriz de compatibilidad ARCore y fallback 2D garantizado</p><p>Historias: EN-0607</p>,,1,,Outfit,Outfit,RF; Fase 2; EP-06,New,
Feature,RF-608 · Pose en tiempo real para AR,<p>Pose en tiempo real para AR</p><p>Historias: EN-0608</p>,,1,,Outfit,Outfit,RF; Fase 2; EP-06,New,
Feature,"RF-609 · Anclaje de prenda 3D al cuerpo con escala, orientación y suavizado","<p>Anclaje de prenda 3D al cuerpo con escala, orientación y suavizado</p><p>Historias: US-0609, EN-0612</p>",,1,,Outfit,Outfit,RF; Fase 2; EP-06,New,
Feature,"RF-610 · Controles de sesión AR (pausar, capturar, cambiar prenda, salir)","<p>Controles de sesión AR (pausar, capturar, cambiar prenda, salir)</p><p>Historias: US-0610</p>",,2,,Outfit,Outfit,RF; Fase 2; EP-06,New,
Feature,RF-611 · Oclusión con Depth API y degradación controlada,<p>Oclusión con Depth API y degradación controlada</p><p>Historias: EN-0613</p>,,2,,Outfit,Outfit,RF; Fase 2; EP-06,New,
Feature,"RF-612 · Comparación lado a lado: 2D, AR y foto de producto","<p>Comparación lado a lado: 2D, AR y foto de producto</p><p>Historias: US-0614</p>",,2,,Outfit,Outfit,RF; Fase 2; EP-06,New,
Feature,RF-614 · I+D de física de tela con gate go/no-go,<p>I+D de física de tela con gate go/no-go</p><p>Historias: SP-0615</p>,,3,,Outfit,Outfit,RF; Fase 3; EP-06,New,
Feature,RF-615 · Toda visualización lleva etiqueta de confianza y aviso de no-garantía (RN-004),<p>Toda visualización lleva etiqueta de confianza y aviso de no-garantía (RN-004)</p><p>Historias: US-0603</p>,,1,,Outfit,Outfit,RF; Fase 1; EP-06,New,
Feature,RF-701 · Asistente conversacional que recibe solicitudes en lenguaje natural,<p>Asistente conversacional que recibe solicitudes en lenguaje natural</p><p>Historias: US-0701</p>,,1,,Outfit,Outfit,RF; Fase 3; EP-07,New,
Feature,"RF-702 · Contexto de ocasión, clima, presupuesto y restricciones del usuario","<p>Contexto de ocasión, clima, presupuesto y restricciones del usuario</p><p>Historias: US-0702</p>",,1,,Outfit,Outfit,RF; Fase 3; EP-07,New,
Feature,RF-703 · Generación de ≥2 outfits combinados solo con SKU disponibles (RN-011),<p>Generación de ≥2 outfits combinados solo con SKU disponibles (RN-011)</p><p>Historias: US-0703</p>,,1,,Outfit,Outfit,RF; Fase 3; EP-07,New,
Feature,RF-704 · Probar un look completo en el avatar/foto en una sola acción,<p>Probar un look completo en el avatar/foto en una sola acción</p><p>Historias: US-0703</p>,,1,,Outfit,Outfit,RF; Fase 3; EP-07,New,
Feature,RF-705 · Feedback explícito (me gusta / no es para mí / no es mi talla) que alimenta el ranking,<p>Feedback explícito (me gusta / no es para mí / no es mi talla) que alimenta el ranking</p><p>Historias: US-0706</p>,,2,,Outfit,Outfit,RF; Fase 3; EP-07,New,
Feature,RF-706 · Motor de recomendación desacoplado detrás de un gateway proveedor-agnóstico,<p>Motor de recomendación desacoplado detrás de un gateway proveedor-agnóstico</p><p>Historias: EN-0705</p>,,1,,Outfit,Outfit,RF; Fase 3; EP-07,New,
Feature,"RF-707 · Ranking híbrido: talla + estilo + stock + regla comercial, con explicabilidad","<p>Ranking híbrido: talla + estilo + stock + regla comercial, con explicabilidad</p><p>Historias: EN-0707</p>",,1,,Outfit,Outfit,RF; Fase 3; EP-07,New,
Feature,RF-708 · Identificación visible de recomendación patrocinada (RN-012),<p>Identificación visible de recomendación patrocinada (RN-012)</p><p>Historias: EN-0707</p>,,1,,Outfit,Outfit,RF; Fase 3; EP-07,New,
Feature,"RF-709 · Evaluación automática (relevancia, stock, seguridad, latencia, costo) como gate antes de promover modelo o prompt","<p>Evaluación automática (relevancia, stock, seguridad, latencia, costo) como gate antes de promover modelo o prompt</p><p>Historias: EN-0708</p>",,1,,Outfit,Outfit,RF; Fase 3; EP-07,New,
Feature,RF-710 · Asistente de localización: sugerir tiendas donde está la prenda o una similar,"<p>Asistente de localización: sugerir tiendas donde está la prenda o una similar</p><p>Historias: US-0903, US-0411</p>",,1,,Outfit,Outfit,RF; Fase 3; EP-07,New,
Feature,"RF-801 · Guardar y retirar favoritos (prendas, looks, marcas, tiendas)","<p>Guardar y retirar favoritos (prendas, looks, marcas, tiendas)</p><p>Historias: US-0801</p>",,1,,Outfit,Outfit,RF; Fase 1; EP-08,New,
Feature,RF-802 · Mi Closet: registro de prendas propias del usuario,<p>Mi Closet: registro de prendas propias del usuario</p><p>Historias: US-0802</p>,,2,,Outfit,Outfit,RF; Fase 1; EP-08,New,
Feature,"RF-803 · Historial de prendas probadas con fecha, talla y resultado","<p>Historial de prendas probadas con fecha, talla y resultado</p><p>Historias: US-0802</p>",,1,,Outfit,Outfit,RF; Fase 1; EP-08,New,
Feature,"RF-804 · Guardar, nombrar y reutilizar outfits","<p>Guardar, nombrar y reutilizar outfits</p><p>Historias: US-0704</p>",,2,,Outfit,Outfit,RF; Fase 3; EP-08,New,
Feature,RF-901 · Carrito armado desde un look o desde el probador,<p>Carrito armado desde un look o desde el probador</p><p>Historias: US-0901</p>,,1,,Outfit,Outfit,RF; Fase 2; EP-09,New,
Feature,RF-902 · Reserva de prenda en tienda física con vigencia y confirmación,<p>Reserva de prenda en tienda física con vigencia y confirmación</p><p>Historias: US-0902</p>,,2,,Outfit,Outfit,RF; Fase 2; EP-09,New,
Feature,"RF-903 · Ficha de tienda con ruta, horario y disponibilidad","<p>Ficha de tienda con ruta, horario y disponibilidad</p><p>Historias: US-0903</p>",,2,,Outfit,Outfit,RF; Fase 2; EP-09,New,
Feature,RF-904 · Deep link y handoff al checkout del retailer,<p>Deep link y handoff al checkout del retailer</p><p>Historias: US-0904</p>,,1,,Outfit,Outfit,RF; Fase 2; EP-09,New,
Feature,RF-905 · Pago integrado con pasarela,<p>Pago integrado con pasarela</p><p>Historias: US-0905</p>,,2,,Outfit,Outfit,RF; Fase 3; EP-09,New,
Feature,RF-906 · Historial y estado de órdenes,<p>Historial y estado de órdenes</p><p>Historias: US-0906</p>,,2,,Outfit,Outfit,RF; Fase 3; EP-09,New,
Feature,RF-907 · Cancelación y solicitud de devolución,<p>Cancelación y solicitud de devolución</p><p>Historias: US-0907</p>,,3,,Outfit,Outfit,RF; Fase 3; EP-09,New,
Feature,RF-908 · Conciliación idempotente de pagos y webhooks,<p>Conciliación idempotente de pagos y webhooks</p><p>Historias: EN-0908</p>,,1,,Outfit,Outfit,RF; Fase 3; EP-09,New,
Feature,"RF-909 · Revalidación de stock y precio antes de reservar, pagar o salir a canal externo (RN-003)","<p>Revalidación de stock y precio antes de reservar, pagar o salir a canal externo (RN-003)</p><p>Historias: US-0901</p>",,1,,Outfit,Outfit,RF; Fase 2; EP-09,New,
Feature,RF-1001 · Preferencias granulares de notificación con opt-in explícito,<p>Preferencias granulares de notificación con opt-in explícito</p><p>Historias: US-1002</p>,,1,,Outfit,Outfit,RF; Fase 2; EP-10,New,
Feature,"RF-1002 · Alertas de stock, reposición de talla o cambio de precio","<p>Alertas de stock, reposición de talla o cambio de precio</p><p>Historias: US-1003</p>",,2,,Outfit,Outfit,RF; Fase 3; EP-10,New,
Feature,RF-1003 · Resumen de estilo periódico con control de frecuencia,<p>Resumen de estilo periódico con control de frecuencia</p><p>Historias: US-1004</p>,,3,,Outfit,Outfit,RF; Fase 3; EP-10,New,
Feature,RF-1004 · Feedback contextual durante el piloto,<p>Feedback contextual durante el piloto</p><p>Historias: US-1001</p>,,2,,Outfit,Outfit,RF; Fase 2; EP-10,New,
Feature,RF-1005 · Cupones y suscripción premium del consumidor,"<p>Cupones y suscripción premium del consumidor</p><p>Historias: US-1006, US-1007</p>",,3,,Outfit,Outfit,RF; Fase 3; EP-10,New,
Feature,RF-1101 · Acceso administrativo con roles por ámbito,<p>Acceso administrativo con roles por ámbito</p><p>Historias: US-1101</p>,,1,,Outfit,Outfit,RF; Fase 2; EP-11,New,
Feature,RF-1102 · CRUD de productos y variantes,<p>CRUD de productos y variantes</p><p>Historias: US-1102</p>,,1,,Outfit,Outfit,RF; Fase 2; EP-11,New,
Feature,RF-1103 · Carga y validación de activos 2D/3D con perfil de activo,<p>Carga y validación de activos 2D/3D con perfil de activo</p><p>Historias: US-1103</p>,,1,,Outfit,Outfit,RF; Fase 2; EP-11,New,
Feature,"RF-1104 · Gestión de tallas, inventario, precios y publicación","<p>Gestión de tallas, inventario, precios y publicación</p><p>Historias: US-1104</p>",,1,,Outfit,Outfit,RF; Fase 2; EP-11,New,
Feature,RF-1105 · App móvil de administración con paridad funcional del núcleo operativo,<p>App móvil de administración con paridad funcional del núcleo operativo</p><p>Historias: US-1904</p>,,2,,Outfit,Outfit,RF; Fase 2; EP-11,New,
Feature,"RF-1106 · Web administrativa responsiva (escritorio, tableta, móvil)","<p>Web administrativa responsiva (escritorio, tableta, móvil)</p><p>Historias: EN-1901</p>",,1,,Outfit,Outfit,RF; Fase 2; EP-11,New,
Feature,RF-1201 · Creación y configuración de tenant,"<p>Creación y configuración de tenant</p><p>Historias: US-1204, US-1701</p>",,1,,Outfit,Outfit,RF; Fase 3; EP-12,New,
Feature,RF-1202 · Roles por tenant y delegación de administración,<p>Roles por tenant y delegación de administración</p><p>Historias: US-1205</p>,,1,,Outfit,Outfit,RF; Fase 3; EP-12,New,
Feature,RF-1203 · Aislamiento verificado de datos entre tenants con prueba negativa automatizada,<p>Aislamiento verificado de datos entre tenants con prueba negativa automatizada</p><p>Historias: EN-1206</p>,,1,,Outfit,Outfit,RF; Fase 3; EP-12,New,
Feature,RF-1204 · Marca y configuración visual por tienda,"<p>Marca y configuración visual por tienda</p><p>Historias: US-1207, US-1703</p>",,2,,Outfit,Outfit,RF; Fase 3; EP-12,New,
Feature,"RF-1205 · Límites y cuotas por tenant (SKU, pruebas/mes, almacenamiento, llamadas IA)","<p>Límites y cuotas por tenant (SKU, pruebas/mes, almacenamiento, llamadas IA)</p><p>Historias: US-1603</p>",,1,,Outfit,Outfit,RF; Fase 3; EP-12,New,
Feature,RF-1301 · Taxonomía de eventos versionada con validación de esquema y cuarentena,<p>Taxonomía de eventos versionada con validación de esquema y cuarentena</p><p>Historias: EN-1302</p>,,1,,Outfit,Outfit,RF; Fase 3; EP-13,New,
Feature,RF-1302 · Dashboard de embudo: impresión → vista → prueba → favorito → acción comercial,<p>Dashboard de embudo: impresión → vista → prueba → favorito → acción comercial</p><p>Historias: US-1303</p>,,1,,Outfit,Outfit,RF; Fase 3; EP-13,New,
Feature,"RF-1303 · Embudo prueba → compra por prenda, talla, color, tienda y segmento","<p>Embudo prueba → compra por prenda, talla, color, tienda y segmento</p><p>Historias: US-1306</p>",,1,,Outfit,Outfit,RF; Fase 3; EP-13,New,
Feature,"RF-1304 · Ranking de prendas más vistas, más probadas y peor convertidas","<p>Ranking de prendas más vistas, más probadas y peor convertidas</p><p>Historias: US-1307</p>",,1,,Outfit,Outfit,RF; Fase 3; EP-13,New,
Feature,RF-1305 · Modelo predictivo de conversión y demanda por SKU/talla,<p>Modelo predictivo de conversión y demanda por SKU/talla</p><p>Historias: EN-1308</p>,,2,,Outfit,Outfit,RF; Fase 3; EP-13,New,
Feature,"RF-1306 · Alertas de anomalía: alta prueba con baja compra ⇒ señal de tallaje, precio o activo","<p>Alertas de anomalía: alta prueba con baja compra ⇒ señal de tallaje, precio o activo</p><p>Historias: US-1309</p>",,2,,Outfit,Outfit,RF; Fase 3; EP-13,New,
Feature,RF-1307 · Predicción de curva de tallas faltante en inventario,<p>Predicción de curva de tallas faltante en inventario</p><p>Historias: US-1310</p>,,2,,Outfit,Outfit,RF; Fase 3; EP-13,New,
Feature,RF-1308 · Mapa de tallas y demanda por región,<p>Mapa de tallas y demanda por región</p><p>Historias: US-1304</p>,,2,,Outfit,Outfit,RF; Fase 3; EP-13,New,
Feature,RF-1309 · Devoluciones y exportación de datos anonimizados,<p>Devoluciones y exportación de datos anonimizados</p><p>Historias: US-1305</p>,,2,,Outfit,Outfit,RF; Fase 3; EP-13,New,
Feature,RF-1310 · Experimentos A/B con guardrails y criterio de parada,<p>Experimentos A/B con guardrails y criterio de parada</p><p>Historias: EN-1301</p>,,2,,Outfit,Outfit,RF; Fase 3; EP-13,New,
Feature,"RF-1401 · Sesión invitada efímera en kiosco, sin persistencia entre usuarios (RN-013)","<p>Sesión invitada efímera en kiosco, sin persistencia entre usuarios (RN-013)</p><p>Historias: US-1401</p>",,1,,Outfit,Outfit,RF; Fase 3; EP-14,New,
Feature,"RF-1407 · Medición automática anónima en el espejo, sin registro ni perfil","<p>Medición automática anónima en el espejo, sin registro ni perfil</p><p>Historias: US-1406</p>",,1,,Outfit,Outfit,RF; Fase 3; EP-14,New,
Feature,RF-1408 · Probador en tiempo real con selección táctil sobre pantalla en tienda,<p>Probador en tiempo real con selección táctil sobre pantalla en tienda</p><p>Historias: US-1407</p>,,1,,Outfit,Outfit,RF; Fase 3; EP-14,New,
Feature,RF-1409 · Agregación en el borde: ninguna medida individual sale del espejo ni se persiste,<p>Agregación en el borde: ninguna medida individual sale del espejo ni se persiste</p><p>Historias: EN-1408</p>,,1,,Outfit,Outfit,RF; Fase 3; EP-14,New,
Feature,RF-1410 · Contraste de lo probado frente a lo comprado en tienda física,<p>Contraste de lo probado frente a lo comprado en tienda física</p><p>Historias: US-1409</p>,,1,,Outfit,Outfit,RF; Fase 3; EP-14,New,
Feature,"RF-1411 · Consentimiento y señalización en espacio físico, con alternativa sin cámara","<p>Consentimiento y señalización en espacio físico, con alternativa sin cámara</p><p>Historias: EN-1410</p>",,1,,Outfit,Outfit,RF; Fase 3; EP-14,New,
Feature,RF-1412 · Calibración de la instalación y detección de descalibración,<p>Calibración de la instalación y detección de descalibración</p><p>Historias: EN-1411</p>,,1,,Outfit,Outfit,RF; Fase 3; EP-14,New,
Feature,RF-1402 · Emparejamiento seguro por QR con el móvil del usuario,<p>Emparejamiento seguro por QR con el móvil del usuario</p><p>Historias: US-1402</p>,,1,,Outfit,Outfit,RF; Fase 3; EP-14,New,
Feature,RF-1403 · Continuidad: seguir en el móvil el look armado en el espejo,<p>Continuidad: seguir en el móvil el look armado en el espejo</p><p>Historias: US-1403</p>,,2,,Outfit,Outfit,RF; Fase 3; EP-14,New,
Feature,RF-1404 · Borrado verificable de la sesión física con evidencia auditable,<p>Borrado verificable de la sesión física con evidencia auditable</p><p>Historias: EN-1404</p>,,1,,Outfit,Outfit,RF; Fase 3; EP-14,New,
Feature,RF-1405 · Catálogo del kiosco restringido al inventario de esa tienda en tiempo real,<p>Catálogo del kiosco restringido al inventario de esa tienda en tiempo real</p><p>Historias: US-1401</p>,,1,,Outfit,Outfit,RF; Fase 3; EP-14,New,
Feature,RF-1406 · Guía al usuario hacia la ubicación física de la prenda dentro de la tienda,<p>Guía al usuario hacia la ubicación física de la prenda dentro de la tienda</p><p>Historias: US-0411</p>,,2,,Outfit,Outfit,RF; Fase 3; EP-14,New,
Feature,RF-1501 · Mapa de datos y modelo de amenazas mantenido y revisado por fase,<p>Mapa de datos y modelo de amenazas mantenido y revisado por fase</p><p>Historias: EN-1501</p>,,1,,Outfit,Outfit,RF; Fase 1; EP-15,New,
Feature,RF-1502 · Reglas de seguridad de backend y atestación de app (App Check / Play Integrity),<p>Reglas de seguridad de backend y atestación de app (App Check / Play Integrity)</p><p>Historias: EN-1502</p>,,1,,Outfit,Outfit,RF; Fase 1; EP-15,New,
Feature,RF-1503 · Retención automática y borrado de imágenes de captura,<p>Retención automática y borrado de imágenes de captura</p><p>Historias: EN-1505</p>,,1,,Outfit,Outfit,RF; Fase 2; EP-15,New,
Feature,RF-1504 · Log de auditoría append-only de toda acción administrativa,<p>Log de auditoría append-only de toda acción administrativa</p><p>Historias: EN-1801</p>,,1,,Outfit,Outfit,RF; Fase 2; EP-15,New,
Feature,RF-1505 · Consulta y exportación del log de auditoría por el admin del tenant,<p>Consulta y exportación del log de auditoría por el admin del tenant</p><p>Historias: US-1802</p>,,1,,Outfit,Outfit,RF; Fase 3; EP-15,New,
Feature,RF-1506 · Consulta global del log por el super administrador,<p>Consulta global del log por el super administrador</p><p>Historias: US-1803</p>,,1,,Outfit,Outfit,RF; Fase 3; EP-15,New,
Feature,RF-1507 · Integridad del log verificable (encadenamiento por hash) y retención mínima 1 año,<p>Integridad del log verificable (encadenamiento por hash) y retención mínima 1 año</p><p>Historias: EN-1804</p>,,1,,Outfit,Outfit,RF; Fase 3; EP-15,New,
Feature,RF-1508 · Cifrado en reposo de datos sensibles con bóveda de claves gestionada,<p>Cifrado en reposo de datos sensibles con bóveda de claves gestionada</p><p>Historias: EN-1513</p>,,1,,Outfit,Outfit,RF; Fase 2; EP-15,New,
Feature,RF-1509 · Prueba de penetración con remediación antes de producción SaaS,<p>Prueba de penetración con remediación antes de producción SaaS</p><p>Historias: EN-1507</p>,,1,,Outfit,Outfit,RF; Fase 3; EP-15,New,
Feature,"RF-1510 · Backup, restauración y simulacro de recuperación verificado","<p>Backup, restauración y simulacro de recuperación verificado</p><p>Historias: EN-1508</p>",,1,,Outfit,Outfit,RF; Fase 3; EP-15,New,
Feature,RF-1511 · Auditoría final de privacidad y accesibilidad,<p>Auditoría final de privacidad y accesibilidad</p><p>Historias: EN-1509</p>,,1,,Outfit,Outfit,RF; Fase 3; EP-15,New,
Feature,RF-1601 · Crear y aprovisionar empresas (tenants) con plan inicial,<p>Crear y aprovisionar empresas (tenants) con plan inicial</p><p>Historias: US-1701</p>,,1,,Outfit,Outfit,RF; Fase 3; EP-17,New,
Feature,"RF-1602 · Suspender, reactivar y eliminar tenant respetando retención contractual","<p>Suspender, reactivar y eliminar tenant respetando retención contractual</p><p>Historias: US-1702</p>",,1,,Outfit,Outfit,RF; Fase 3; EP-17,New,
Feature,"RF-1603 · Editor de tema visual por tenant (colores, tipografía, radios, densidad, logo) con validación WCAG AA automática","<p>Editor de tema visual por tenant (colores, tipografía, radios, densidad, logo) con validación WCAG AA automática</p><p>Historias: US-1703</p>",,1,,Outfit,Outfit,RF; Fase 3; EP-17,New,
Feature,"RF-1604 · Editor de animaciones y micro-interacciones por tenant, respetando prefers-reduced-motion","<p>Editor de animaciones y micro-interacciones por tenant, respetando prefers-reduced-motion</p><p>Historias: US-1704</p>",,3,,Outfit,Outfit,RF; Fase 3; EP-17,New,
Feature,RF-1605 · Catálogo de funcionalidades activables por tenant y por plan,<p>Catálogo de funcionalidades activables por tenant y por plan</p><p>Historias: US-1705</p>,,1,,Outfit,Outfit,RF; Fase 3; EP-17,New,
Feature,"RF-1606 · Panel de salud, uso y consumo por tenant (IA, almacenamiento, ancho de banda)","<p>Panel de salud, uso y consumo por tenant (IA, almacenamiento, ancho de banda)</p><p>Historias: US-1706, EN-1606</p>",,1,,Outfit,Outfit,RF; Fase 3; EP-17,New,
Feature,RF-1607 · Impersonación segura con doble control y auditoría,<p>Impersonación segura con doble control y auditoría</p><p>Historias: US-1707</p>,,2,,Outfit,Outfit,RF; Fase 3; EP-17,New,
Feature,"RF-1608 · Planes, prueba gratuita, límites y facturación","<p>Planes, prueba gratuita, límites y facturación</p><p>Historias: US-1603, US-1604</p>",,1,,Outfit,Outfit,RF; Fase 3; EP-17,New,
Feature,RF-1609 · Onboarding autoservicio de comercios,<p>Onboarding autoservicio de comercios</p><p>Historias: US-1605</p>,,2,,Outfit,Outfit,RF; Fase 3; EP-17,New,
Feature,"RF-1701 · Splash animado de arranque, personalizable por tenant, con degradación a estático","<p>Splash animado de arranque, personalizable por tenant, con degradación a estático</p><p>Historias: EN-1608</p>",,2,,Outfit,Outfit,RF; Fase 1; EP-19,New,
Feature,"RF-1702 · Diseño responsivo en web para escritorio, tableta y móvil","<p>Diseño responsivo en web para escritorio, tableta y móvil</p><p>Historias: EN-1901</p>",,1,,Outfit,Outfit,RF; Fase 2; EP-19,New,
Feature,RF-1703 · Design system compartido entre web y móvil generado desde tokens únicos,<p>Design system compartido entre web y móvil generado desde tokens únicos</p><p>Historias: EN-1903</p>,,1,,Outfit,Outfit,RF; Fase 2; EP-19,New,
Feature,RF-1704 · Paridad de sesión entre web y app (SSO propio),<p>Paridad de sesión entre web y app (SSO propio)</p><p>Historias: US-1905</p>,,2,,Outfit,Outfit,RF; Fase 3; EP-19,New,
Feature,"RF-1705 · Localización: es-CO primero, textos externalizados, moneda/unidades por configuración","<p>Localización: es-CO primero, textos externalizados, moneda/unidades por configuración</p><p>Historias: RNF-14</p>",,1,,Outfit,Outfit,RF; Fase 1; EP-19,New,
Feature,"RF-1706 · Accesibilidad AA en flujos críticos, móvil y web","<p>Accesibilidad AA en flujos críticos, móvil y web</p><p>Historias: EN-1503</p>",,1,,Outfit,Outfit,RF; Fase 1; EP-19,New,
Feature,RF-1707 · Feature flags y despliegue progresivo con kill switch,<p>Feature flags y despliegue progresivo con kill switch</p><p>Historias: EN-0007</p>,,1,,Outfit,Outfit,RF; Fase 2; EP-19,New,
Feature,RNF-01 · Rendimiento,"<ul><li>Arranque en frío con caché, móvil gama media | p95 ≤ 3,0 s hasta primer contenido útil | Macrobenchmark en CI nocturno</li><li>Arranque en caliente | p95 ≤ 1,2 s | Macrobenchmark</li><li>API de catálogo (listado paginado) | p95 ≤ 800 ms, p99 ≤ 1,5 s | Prueba de carga k6 en preproducción</li><li>API de detalle de producto | p95 ≤ 400 ms | k6</li><li>Cálculo de talla (on-device) | p95 ≤ 150 ms | Test unitario con presupuesto</li><li>Overlay 2D (render inicial) | p95 ≤ 1,5 s desde selección de prenda | Test instrumentado</li><li>Web administrativa: LCP | ≤ 2,5 s en 4G simulada | Lighthouse CI, gate en PR</li><li>Web administrativa: INP | ≤ 200 ms | Lighthouse CI + RUM</li><li>Bloqueo del hilo principal | 0 operaciones de ML o red en el hilo de UI | Lint + StrictMode + revisión</li></ul>",,1,,Outfit,Outfit,RNF; EP-15,New,
Feature,RNF-02 · Rendimiento de AR y cámara,<ul><li>FPS en dispositivos de la matriz soportada | ≥ 24 FPS sostenidos | Test instrumentado en Firebase Test Lab</li><li>Latencia pose → render | ≤ 80 ms | Instrumentación en sesión AR</li><li>Temperatura / throttling | Degradar calidad antes de congelar o calentar en exceso | Prueba de sesión larga (10 min)</li><li>Fallback | 100% de dispositivos no compatibles caen a 2D sin error visible | Test de compatibilidad</li></ul>,,1,,Outfit,Outfit,RNF; EP-15,New,
Feature,RNF-03 · Confiabilidad,"<ul><li>Crash-free sessions (beta) | ≥ 99,5% | Crashlytics</li><li>Crash-free sessions (producción) | ≥ 99,8% | Crashlytics + gate de release</li><li>ANR rate | ≤ 0,47% (umbral de Play) | Play Vitals</li><li>Disponibilidad de API (Fase 3) | ≥ 99,5% mensual | Uptime + SLO</li><li>Idempotencia de operaciones críticas | 100% de pagos, reservas y webhooks | Test de contrato con reintento duplicado</li></ul>",,1,,Outfit,Outfit,RNF; EP-15,New,
Feature,RNF-04 · Seguridad,"<ul><li>Transporte | TLS 1.2+ obligatorio, HSTS, certificate pinning en móvil | Escaneo TLS en CI</li><li>Cifrado en reposo | AES-256 gestionado; datos corporales cifrados E2E | Revisión de arquitectura + auditoría</li><li>Contraseñas | Argon2id (o bcrypt cost ≥ 12); nunca reversible | Test unitario del encoder</li><li>Fuerza bruta | Ver [12 § 3](12-seguridad-y-privacidad.md); 0 endpoints de auth sin límite | Test de seguridad automatizado en CI</li><li>Secretos | 0 secretos en el repositorio | Gitleaks/TruffleHog, gate bloqueante</li><li>Dependencias | 0 vulnerabilidades críticas o altas sin excepción documentada | Dependabot + OWASP DC, gate bloqueante</li><li>Atestación de cliente | App Check / Play Integrity en todos los endpoints sensibles | Test de rechazo sin token</li><li>Mínimo privilegio | Cada servicio con su propia identidad y permisos mínimos | Revisión IAM por sprint</li><li>OWASP ASVS | Nivel 2 en Fase 3 | Pentest EN-1507</li><li>Aislamiento multi-tenant | 0 accesos cruzados | Suite de pruebas negativas obligatoria en CI</li></ul>",,1,,Outfit,Outfit,RNF; EP-15,New,
Feature,RNF-05 · Privacidad,"<ul><li>Minimización | Solo se recogen datos con finalidad declarada y consentida | Revisión de mapa de datos por sprint</li><li>Consentimiento | Granular, versionado, revocable, con evidencia de fecha y versión | Test de flujo + auditoría legal</li><li>Datos biométricos | Autorización previa, expresa, informada y cualificada (Ley 1581 CO + criterio SIC) | Revisión jurídica antes de Fase 2</li><li>Retención de imágenes de captura | Borrado ≤ 24 h salvo consentimiento explícito de conservación | Job diario + reporte de huérfanos</li><li>Derechos del titular | Consulta, rectificación, revocación y supresión en ≤ 15 días hábiles | Flujo probado end-to-end</li><li>Logs | 0 datos personales o corporales en logs | Redacción automática + test de log</li><li>Compartir | Activos compartidos sin medidas, ubicación ni metadatos EXIF (RN-008) | Test de sanitización</li><li>Menores | Flujos corporales bloqueados para &lt; 18 años | Test de flujo</li></ul>",,1,,Outfit,Outfit,RNF; EP-15,New,
Feature,RNF-06 · Accesibilidad,"<ul><li>Contraste de texto | ≥ 4,5:1 normal, ≥ 3:1 grande | Test automático de tokens + axe</li><li>Elementos no textuales | ≥ 3:1 | axe</li><li>Área táctil | ≥ 48 dp / 44 px | Lint de UI</li><li>Lectores de pantalla | Flujos críticos navegables con TalkBack y NVDA | Prueba manual por release + accessibility scanner en CI</li><li>Orden de foco y trampas | Sin trampas de foco; orden lógico | Test instrumentado</li><li>Texto escalable | Hasta 200% sin pérdida de función | Test de UI con escala</li><li>Movimiento | Respetar prefers-reduced-motion / animaciones reducidas del SO | Test de UI</li><li>Alternativa no visual | Toda información por color lleva ícono y texto | Revisión de diseño</li><li>Estándar | WCAG 2.1 AA en web y equivalente en móvil | Auditoría EN-1509</li></ul>",,1,,Outfit,Outfit,RNF; EP-15,New,
Feature,RNF-07 · Funcionamiento sin conexión,"<ul><li>Disponible offline | Perfil, medidas, avatar, favoritos, closet y catálogo reciente | Test instrumentado en modo avión</li><li>Escrituras offline | En cola con estado visible; sin pérdida silenciosa | Test de sincronización</li><li>Conflictos | Resolución determinista y explicable (última escritura del usuario gana en perfil) | Test unitario del resolver</li><li>Probador 2D offline | Funciona con activos ya cacheados | Test instrumentado</li></ul>",,1,,Outfit,Outfit,RNF; EP-15,New,
Feature,RNF-08 · Compatibilidad,"<ul><li>Android | minSdk 26, targetSdk vigente −0/−1 | Matriz definida en Sprint 0</li><li>Matriz de dispositivos | ≥ 8 modelos representativos (gama baja/media/alta) | Firebase Test Lab</li><li>ARCore/Depth | Habilitado por capacidad detectada, nunca asumido | Test de compatibilidad</li><li>Navegadores web | 2 últimas versiones de Chrome, Edge, Safari, Firefox | Playwright matrix</li><li>Web móvil | 360 px de ancho mínimo | Playwright viewport matrix</li><li>iOS | Fuera de alcance en Fases 1–2; evaluar en Fase 3 | ADR pendiente</li></ul>",,1,,Outfit,Outfit,RNF; EP-15,New,
Feature,RNF-09 · Observabilidad,"<ul><li>Logs | Estructurados JSON, con trace_id, tenant_id, user_ref (seudónimo) | Revisión + test de formato</li><li>Trazas | Distribuidas, con propagación entre servicios (OpenTelemetry) | Verificación en preproducción</li><li>SLO y error budget | Definidos antes de producción; alerta al 50% de consumo | EN-1506</li><li>Runbook | Toda alerta apunta a un runbook accionable | Revisión: 0 alertas sin runbook</li><li>Datos sensibles | 0 en telemetría | Test de redacción</li></ul>",,1,,Outfit,Outfit,RNF; EP-15,New,
Feature,RNF-10 · Mantenibilidad,"<ul><li>Cobertura de pruebas del dominio | ≥ 85% en módulos de negocio (sizing, tenancy, pricing, inventory) | Gate en CI</li><li>Cobertura global | ≥ 70% líneas | Gate en CI</li><li>Complejidad ciclomática | ≤ 10 por método; excepciones justificadas | Detekt / SonarQube</li><li>Deuda técnica | 0 issues bloqueantes o críticos nuevos por PR | Sonar quality gate</li><li>Contratos de API | OpenAPI versionado; verificación de cambios incompatibles | Gate en CI (AUT-05)</li><li>Migraciones | Versionadas, reversibles, validadas antes del deploy | Flyway + gate</li><li>Documentación viva | Los .md de este repositorio se actualizan en el mismo PR que el cambio | Checklist de PR</li><li>Dependencias directas | Ninguna sin dueño identificado y política de actualización | Revisión trimestral</li></ul>",,1,,Outfit,Outfit,RNF; EP-15,New,
Feature,RNF-11 · Escalabilidad,"<ul><li>Servicios de aplicación | Sin estado; escalado horizontal | Prueba de carga con 2+ réplicas</li><li>Almacenamiento de activos | Externo (object storage + CDN), nunca en el filesystem del servicio | Revisión de arquitectura</li><li>Paginación | Obligatoria por cursor en toda colección; sin LIMIT sin ORDER BY estable | Revisión de código + lint</li><li>Colas | Toda operación &gt; 2 s va a cola asíncrona | Revisión</li><li>Límites por tenant | Cuotas aplicadas en el borde (rate limit por tenant y por plan) | Test de cuota</li><li>Objetivo de carga Fase 3 | 500 tenants, 200k usuarios activos/mes, 50 req/s sostenidos | Prueba de carga antes de lanzamiento</li></ul>",,1,,Outfit,Outfit,RNF; EP-15,New,
Feature,RNF-12 · Continuidad y recuperación,<ul><li>RPO | ≤ 15 min (Fase 3) | Configuración PITR + evidencia</li><li>RTO | ≤ 4 h (Fase 3) | Simulacro de restauración obligatorio antes del lanzamiento</li><li>Backups | Diarios cifrados + retención 30 días + verificación de integridad | Job + reporte</li><li>Simulacro | ≥ 1 por semestre con acta | EN-1508</li></ul>,,1,,Outfit,Outfit,RNF; EP-15,New,
Feature,RNF-13 · Calidad de IA,"<ul><li>Relevancia de outfits | ≥ 70% aprobados por panel de evaluación | Suite de evaluación (AUT-12)</li><li>Cumplimiento de restricciones | 100% (nunca recomienda algo excluido por el usuario) | Suite de evaluación, gate duro</li><li>Disponibilidad de stock | 100% de SKU recomendados con stock vigente | Test de integración</li><li>Seguridad de contenido | 0 salidas ofensivas o inapropiadas en el conjunto de evaluación | Suite de evaluación</li><li>Latencia p95 del Stylist | ≤ 4 s con respuesta parcial en streaming ≤ 1,5 s | k6 + instrumentación</li><li>Costo por consulta | Dentro del presupuesto del plan del tenant | EN-1606</li><li>Reproducibilidad | Toda salida guarda versión de modelo, prompt y reglas (RN-015) | Test de trazabilidad</li></ul>",,1,,Outfit,Outfit,RNF; EP-15,New,
Feature,RNF-14 · Localización e internacionalización,"<ul><li>Idioma | es-CO primero; arquitectura lista para en y pt | 0 cadenas embebidas en código (lint)</li><li>Unidades | cm/pulgadas y kg/lb configurables por usuario | Test de conversión</li><li>Moneda y formato | Por tenant y por país (COP, EUR, USD) | Test de formato</li><li>Tallas | Sistema de tallas por país (CO/EU/US/UK) declarado por tabla | Modelo de datos</li><li>Zona horaria | Todo en UTC en persistencia; conversión en presentación | Lint + revisión</li></ul>",,1,,Outfit,Outfit,RNF; EP-15,New,
Feature,RNF-15 · Costo (FinOps),"<ul><li>Fase 1 | USD 0/mes de infraestructura | Revisión mensual de facturación</li><li>Costo variable por usuario activo (Fase 3) | Dentro del margen objetivo por plan | EN-1606, tablero FinOps</li><li>Costo de IA por tenant | Cuota + alerta al 80% + corte configurable al 100% | Test de cuota</li><li>Almacenamiento de imágenes | Borrado automático reduce el crecimiento a activos de catálogo | Job de retención</li></ul>",,1,,Outfit,Outfit,RNF; EP-15,New,
